{
  "season": "English Premier League 2015/16",
  "n_per_team_values": [
    6,
    10,
    15,
    19,
    27,
    38
  ],
  "n_repeats": 300,
  "reliability_curve": {
    "directness": {
      "6": {
        "mean": 0.7422796161951339,
        "lo": 0.5867460755733389,
        "hi": 0.8824713623443022,
        "n_rep": 300
      },
      "10": {
        "mean": 0.8366998695632911,
        "lo": 0.7122965770424956,
        "hi": 0.9363810663737997,
        "n_rep": 300
      },
      "15": {
        "mean": 0.8800029709581954,
        "lo": 0.7838471732449194,
        "hi": 0.949603298588489,
        "n_rep": 300
      },
      "19": {
        "mean": 0.9003066849574625,
        "lo": 0.8291885366685953,
        "hi": 0.9523524974545219,
        "n_rep": 300
      },
      "27": {
        "mean": 0.9270595074072357,
        "lo": 0.8698869482915007,
        "hi": 0.9660177671669788,
        "n_rep": 300
      },
      "38": {
        "mean": 0.9654885084697248,
        "lo": 0.9654885084697248,
        "hi": 0.9654885084697248,
        "n_rep": 1
      }
    },
    "sum_dxt": {
      "6": {
        "mean": 0.19506199940092742,
        "lo": -0.21267989933149803,
        "hi": 0.5638432078068343,
        "n_rep": 300
      },
      "10": {
        "mean": 0.28660723479539035,
        "lo": -0.10353005267866008,
        "hi": 0.6158382138440557,
        "n_rep": 300
      },
      "15": {
        "mean": 0.3546749915210588,
        "lo": -0.0267680119230338,
        "hi": 0.7169384364757961,
        "n_rep": 300
      },
      "19": {
        "mean": 0.40539127472629893,
        "lo": 0.07863855266408454,
        "hi": 0.687371048984852,
        "n_rep": 300
      },
      "27": {
        "mean": 0.5256431395813642,
        "lo": 0.27065650858846024,
        "hi": 0.7449596932677158,
        "n_rep": 300
      },
      "38": {
        "mean": 0.45306835570506837,
        "lo": 0.45306835570506837,
        "hi": 0.45306835570506837,
        "n_rep": 1
      }
    },
    "att_third_frac": {
      "6": {
        "mean": 0.4203149626120765,
        "lo": 0.08971044407827118,
        "hi": 0.737790955630153,
        "n_rep": 300
      },
      "10": {
        "mean": 0.5549505907949148,
        "lo": 0.29721394581232363,
        "hi": 0.7611004991248541,
        "n_rep": 300
      },
      "15": {
        "mean": 0.6484230485827799,
        "lo": 0.4402961806298624,
        "hi": 0.8348969380665555,
        "n_rep": 300
      },
      "19": {
        "mean": 0.7022915009292832,
        "lo": 0.5116509447741914,
        "hi": 0.8550824633377568,
        "n_rep": 300
      },
      "27": {
        "mean": 0.7635304861637681,
        "lo": 0.6255566393544418,
        "hi": 0.8903721084711345,
        "n_rep": 300
      },
      "38": {
        "mean": 0.8205292963502289,
        "lo": 0.8205292963502289,
        "hi": 0.8205292963502289,
        "n_rep": 1
      }
    },
    "mean_xt_end": {
      "6": {
        "mean": 0.43448176693669893,
        "lo": 0.11554702888729554,
        "hi": 0.7279355813381011,
        "n_rep": 300
      },
      "10": {
        "mean": 0.5743868203181421,
        "lo": 0.3210453211454936,
        "hi": 0.7842669584864169,
        "n_rep": 300
      },
      "15": {
        "mean": 0.6448003895086276,
        "lo": 0.413212003869053,
        "hi": 0.828260437372843,
        "n_rep": 300
      },
      "19": {
        "mean": 0.6994193806066951,
        "lo": 0.5294773759570587,
        "hi": 0.8425589613567394,
        "n_rep": 300
      },
      "27": {
        "mean": 0.7642360678994772,
        "lo": 0.6341999945303619,
        "hi": 0.8849109196625295,
        "n_rep": 300
      },
      "38": {
        "mean": 0.7962555047204435,
        "lo": 0.7962555047204435,
        "hi": 0.7962555047204435,
        "n_rep": 1
      }
    },
    "entropy_end": {
      "6": {
        "mean": 0.4587416041707394,
        "lo": 0.1686675423690352,
        "hi": 0.7406049819124497,
        "n_rep": 300
      },
      "10": {
        "mean": 0.6005068975580701,
        "lo": 0.3533433914222844,
        "hi": 0.8176753916471903,
        "n_rep": 300
      },
      "15": {
        "mean": 0.6891754714884096,
        "lo": 0.4855043101074912,
        "hi": 0.8390919107031736,
        "n_rep": 300
      },
      "19": {
        "mean": 0.7394097863707636,
        "lo": 0.5580113990293728,
        "hi": 0.8741364674902073,
        "n_rep": 300
      },
      "27": {
        "mean": 0.804092478949345,
        "lo": 0.6842543414677467,
        "hi": 0.8918053635696566,
        "n_rep": 300
      },
      "38": {
        "mean": 0.8765669331415336,
        "lo": 0.8765669331415336,
        "hi": 0.8765669331415336,
        "n_rep": 1
      }
    }
  },
  "note": "Split-half reliability R(n) by subsampling n matches per team from the 38-match season; distribution over subsamples. Tests whether the entropy descriptor's men's-league reliability is a power effect."
}