{
  "competition": "UEFA Euro 2024",
  "competition_id": 55,
  "season_id": 282,
  "n_matches": 51,
  "n_frames": 164530,
  "visible_fraction": {
    "n": 164530,
    "mean": 0.305145524572643,
    "median": 0.295847248004929,
    "p10": 0.19650207237918088,
    "p90": 0.42783943947474373,
    "min": 0.01824936226433815,
    "max": 0.9010738486022022
  },
  "n_players": {
    "n": 164530,
    "mean": 16.404297088676838,
    "median": 17.0,
    "p10": 12.0,
    "p90": 20.0,
    "min": 1.0,
    "max": 22.0
  },
  "fraction_frames_all_22": 0.000395064729836504,
  "fraction_frames_ge_20": 0.16828541907250957,
  "by_third": {
    "att": {
      "n": 42537,
      "vis_frac_mean": 0.2597182192404784,
      "n_players_mean": 16.477537202905705
    },
    "def": {
      "n": 43451,
      "vis_frac_mean": 0.3001673988708298,
      "n_players_mean": 14.93447791765437
    },
    "mid": {
      "n": 78542,
      "vis_frac_mean": 0.33250217231249896,
      "n_players_mean": 17.177764762802067
    }
  }
}