{
  "competition": "UEFA Women's Euro 2022",
  "competition_id": 53,
  "season_id": 106,
  "n_matches": 30,
  "n_frames": 90850,
  "visible_fraction": {
    "n": 90850,
    "mean": 0.24153987046095643,
    "median": 0.22464110614542077,
    "p10": 0.15238912664138177,
    "p90": 0.3586143790525675,
    "min": 0.047274219146343534,
    "max": 0.745746768276644
  },
  "n_players": {
    "n": 90850,
    "mean": 13.893021463951568,
    "median": 14.0,
    "p10": 9.0,
    "p90": 18.0,
    "min": 1.0,
    "max": 22.0
  },
  "fraction_frames_all_22": 2.201430930104568e-05,
  "fraction_frames_ge_20": 0.02654925701706109,
  "by_third": {
    "att": {
      "n": 22548,
      "vis_frac_mean": 0.2096363533863867,
      "n_players_mean": 14.572112825971262
    },
    "def": {
      "n": 26758,
      "vis_frac_mean": 0.22982853616515983,
      "n_players_mean": 12.281112190746693
    },
    "mid": {
      "n": 41544,
      "vis_frac_mean": 0.26639863192071767,
      "n_players_mean": 14.562656460620065
    }
  }
}