{
  "euro2020": {
    "competition": "UEFA Euro 2020",
    "n_matches": 51,
    "n_frames": 166871,
    "visible_fraction": {
      "n": 166871,
      "mean": 0.28406620644209196,
      "median": 0.26846712727205635,
      "p10": 0.18003205397531197,
      "p90": 0.41712549524543735,
      "min": 0.03644514914045205,
      "max": 0.899306918666717
    },
    "n_players": {
      "n": 166871,
      "mean": 15.210965356472965,
      "median": 16.0,
      "p10": 10.0,
      "p90": 20.0,
      "min": 1.0,
      "max": 22.0
    },
    "fraction_frames_all_22": 0.00022772081428169065,
    "fraction_frames_ge_20": 0.1123202953179402,
    "by_third": {
      "att": {
        "n": 41755,
        "vis_frac_mean": 0.24192690954780563,
        "n_players_mean": 15.425386181295654
      },
      "def": {
        "n": 41774,
        "vis_frac_mean": 0.2741379722328737,
        "n_players_mean": 13.671709675874947
      },
      "mid": {
        "n": 83342,
        "vis_frac_mean": 0.31015471400942674,
        "n_players_mean": 15.875068992824746
      }
    }
  },
  "wc2022": {
    "competition": "FIFA World Cup 2022",
    "n_matches": 64,
    "n_frames": 203882,
    "visible_fraction": {
      "n": 203882,
      "mean": 0.29209601293909376,
      "median": 0.28317381191669905,
      "p10": 0.18600859938663494,
      "p90": 0.4127261290065465,
      "min": 0.04360853837573442,
      "max": 0.8033771146873849
    },
    "n_players": {
      "n": 203882,
      "mean": 15.13032047949304,
      "median": 16.0,
      "p10": 10.0,
      "p90": 19.0,
      "min": 1.0,
      "max": 22.0
    },
    "fraction_frames_all_22": 4.4143180859516776e-05,
    "fraction_frames_ge_20": 0.09068971267694058,
    "by_third": {
      "att": {
        "n": 49990,
        "vis_frac_mean": 0.25331675959006666,
        "n_players_mean": 15.494038807761552
      },
      "def": {
        "n": 58125,
        "vis_frac_mean": 0.28528381045624474,
        "n_players_mean": 13.41567311827957
      },
      "mid": {
        "n": 95767,
        "vis_frac_mean": 0.3164732425091279,
        "n_players_mean": 15.98115217141604
      }
    }
  }
}