{
  "competition": "English Premier League 2015/16",
  "n_team_match_rows": 760,
  "n_teams": 20,
  "median_matches_per_team": 38,
  "discriminant": {
    "mean_xt_end": {
      "between_share": 0.20265111106850678,
      "null_mean": 0.025049429013481124,
      "p_value": 0.0004997501249375312,
      "n_perm": 2000
    },
    "entropy_end": {
      "between_share": 0.2348736661010087,
      "null_mean": 0.024814915759381783,
      "p_value": 0.0004997501249375312,
      "n_perm": 2000
    },
    "directness": {
      "between_share": 0.47390564521224876,
      "null_mean": 0.024942622230456284,
      "p_value": 0.0004997501249375312,
      "n_perm": 2000
    },
    "att_third_frac": {
      "between_share": 0.20300297320724675,
      "null_mean": 0.024864588766886762,
      "p_value": 0.0004997501249375312,
      "n_perm": 2000
    },
    "sum_dxt": {
      "between_share": 0.08804573325784994,
      "null_mean": 0.024965468183616897,
      "p_value": 0.0004997501249375312,
      "n_perm": 2000
    }
  },
  "reliability_pl": {
    "mean_xt_end": {
      "r": 0.7962555047204435,
      "p": 0.0004997501249375312,
      "lo": 0.6250749804924407,
      "hi": 0.9232045019023574
    },
    "entropy_end": {
      "r": 0.8765669331415306,
      "p": 0.0004997501249375312,
      "lo": 0.723010483768158,
      "hi": 0.9432591173905591
    },
    "directness": {
      "r": 0.9654885084697248,
      "p": 0.0004997501249375312,
      "lo": 0.9432371034473179,
      "hi": 0.985714323653319
    },
    "att_third_frac": {
      "r": 0.8205292963502289,
      "p": 0.0004997501249375312,
      "lo": 0.673929624060947,
      "hi": 0.9343389916503699
    },
    "sum_dxt": {
      "r": 0.45306835570506837,
      "p": 0.049475262368815595,
      "lo": 0.23116938492793188,
      "hi": 0.7636048986256277
    }
  },
  "team_vs_opponent_pl": {
    "mean_xt_end": {
      "a_partial": 0.20121001001374372,
      "b_partial": 0.06269737934066533,
      "r2_full": 0.2653484904091724,
      "residual": 0.7346515095908276,
      "p_value": 0.000999000999000999,
      "n": 760
    },
    "entropy_end": {
      "a_partial": 0.2348006012703564,
      "b_partial": 0.06460245895311978,
      "r2_full": 0.2994761250541349,
      "residual": 0.7005238749458651,
      "p_value": 0.000999000999000999,
      "n": 760
    },
    "directness": {
      "a_partial": 0.4661631620551091,
      "b_partial": 0.05516252824354562,
      "r2_full": 0.5290681734557945,
      "residual": 0.4709318265442055,
      "p_value": 0.000999000999000999,
      "n": 760
    },
    "att_third_frac": {
      "a_partial": 0.1990818616133001,
      "b_partial": 0.07383795103176127,
      "r2_full": 0.2768409242390081,
      "residual": 0.7231590757609919,
      "p_value": 0.000999000999000999,
      "n": 760
    },
    "sum_dxt": {
      "a_partial": 0.08346824384434215,
      "b_partial": 0.11648207047469339,
      "r2_full": 0.2045278037325433,
      "residual": 0.7954721962674567,
      "p_value": 0.000999000999000999,
      "n": 760
    }
  },
  "reliability_womens": {
    "FAWSL_2018_19": {
      "mean_xt_end": 0.7976592916783314,
      "entropy_end": -0.2055937694272429,
      "directness": 0.9733402643244853,
      "att_third_frac": 0.8589870586468659,
      "sum_dxt": 0.8714072241695389
    },
    "FAWSL_2019_20": {
      "mean_xt_end": 0.7185257918291597,
      "entropy_end": -0.004727129214415514,
      "directness": 0.8629035689195953,
      "att_third_frac": 0.6822992134234889,
      "sum_dxt": 0.9078644072938205
    }
  }
}