{
  "competition": "FIFA Women's World Cup 2023",
  "competition_id": 72,
  "season_id": 107,
  "n_matches": 64,
  "n_frames": 199526,
  "visible_fraction": {
    "n": 199526,
    "mean": 0.24657923461624315,
    "median": 0.2330349679625482,
    "p10": 0.1534299935806888,
    "p90": 0.3634192553271033,
    "min": 0.037041420239439765,
    "max": 0.8011556440734651
  },
  "n_players": {
    "n": 199526,
    "mean": 14.097260507402543,
    "median": 14.0,
    "p10": 10.0,
    "p90": 18.0,
    "min": 1.0,
    "max": 22.0
  },
  "fraction_frames_all_22": 5.0118781512183876e-05,
  "fraction_frames_ge_20": 0.033729939957699746,
  "by_third": {
    "att": {
      "n": 52050,
      "vis_frac_mean": 0.21334884727335587,
      "n_players_mean": 14.582747358309318
    },
    "def": {
      "n": 56812,
      "vis_frac_mean": 0.2333526010783089,
      "n_players_mean": 12.719126240935013
    },
    "mid": {
      "n": 90664,
      "vis_frac_mean": 0.2739448170497824,
      "n_players_mean": 14.682111973881584
    }
  }
}