{
  "season": "FA Women's Super League 2018/19",
  "n_team_match_rows": 214,
  "n_teams": 11,
  "median_matches_per_team": 19,
  "reliability_league": {
    "mean_xt_end": {
      "pearson_r": 0.7976592916783314,
      "spearman_rho": 0.8000000000000002,
      "p_value": 0.00399800099950025,
      "n_groups": 11
    },
    "entropy_end": {
      "pearson_r": -0.2055937694272429,
      "spearman_rho": -0.07272727272727274,
      "p_value": 0.552223888055972,
      "n_groups": 11
    },
    "directness": {
      "pearson_r": 0.9733402643244853,
      "spearman_rho": 0.9454545454545454,
      "p_value": 0.0004997501249375312,
      "n_groups": 11
    },
    "att_third_frac": {
      "pearson_r": 0.8589870586468659,
      "spearman_rho": 0.7545454545454545,
      "p_value": 0.0009995002498750624,
      "n_groups": 11
    },
    "sum_dxt": {
      "pearson_r": 0.8714072241695389,
      "spearman_rho": 0.790909090909091,
      "p_value": 0.0004997501249375312,
      "n_groups": 11
    }
  },
  "reliability_tournament_euro2020": {
    "mean_xt_end": -0.049964480192252914,
    "entropy_end": 0.11728380377565929,
    "directness": 0.07743669063066813,
    "att_third_frac": -0.15352973609484125,
    "sum_dxt": 0.5677457870265746
  },
  "team_vs_opponent": {
    "mean_xt_end": {
      "a_partial": 0.14653055556824668,
      "b_partial": 0.36715396451946014,
      "r2_full": 0.5353102054835945,
      "residual": 0.46468979451640546,
      "p_value": 0.000999000999000999,
      "n": 214
    },
    "entropy_end": {
      "a_partial": 0.048676330672255186,
      "b_partial": 0.08357404720441264,
      "r2_full": 0.1330690539648034,
      "residual": 0.8669309460351966,
      "p_value": 0.36663336663336665,
      "n": 214
    },
    "directness": {
      "a_partial": 0.6287919285996529,
      "b_partial": 0.0875634416425054,
      "r2_full": 0.7448142916490099,
      "residual": 0.2551857083509901,
      "p_value": 0.000999000999000999,
      "n": 214
    },
    "att_third_frac": {
      "a_partial": 0.12848382273964254,
      "b_partial": 0.3611418920428314,
      "r2_full": 0.5178140700641589,
      "residual": 0.4821859299358411,
      "p_value": 0.000999000999000999,
      "n": 214
    },
    "sum_dxt": {
      "a_partial": 0.2649994080521906,
      "b_partial": 0.419606997991529,
      "r2_full": 0.7327802648795494,
      "residual": 0.2672197351204506,
      "p_value": 0.000999000999000999,
      "n": 214
    }
  },
  "fdr_family": [
    {
      "test": "reliability:mean_xt_end",
      "p": 0.00399800099950025,
      "q": 0.004997501249375312,
      "reject": true
    },
    {
      "test": "team_vs_opponent:mean_xt_end",
      "p": 0.000999000999000999,
      "q": 0.0014278574998215175,
      "reject": true
    },
    {
      "test": "reliability:entropy_end",
      "p": 0.552223888055972,
      "q": 0.552223888055972,
      "reject": false
    },
    {
      "test": "team_vs_opponent:entropy_end",
      "p": 0.36663336663336665,
      "q": 0.40737040737040736,
      "reject": false
    },
    {
      "test": "reliability:directness",
      "p": 0.0004997501249375312,
      "q": 0.0014278574998215175,
      "reject": true
    },
    {
      "test": "team_vs_opponent:directness",
      "p": 0.000999000999000999,
      "q": 0.0014278574998215175,
      "reject": true
    },
    {
      "test": "reliability:att_third_frac",
      "p": 0.0009995002498750624,
      "q": 0.0014278574998215175,
      "reject": true
    },
    {
      "test": "team_vs_opponent:att_third_frac",
      "p": 0.000999000999000999,
      "q": 0.0014278574998215175,
      "reject": true
    },
    {
      "test": "reliability:sum_dxt",
      "p": 0.0004997501249375312,
      "q": 0.0014278574998215175,
      "reject": true
    },
    {
      "test": "team_vs_opponent:sum_dxt",
      "p": 0.000999000999000999,
      "q": 0.0014278574998215175,
      "reject": true
    }
  ],
  "n_significant_after_fdr": 8,
  "note": "xT reused as a fixed men's-tournament value prior (domain transfer caveat); style descriptors need no xT."
}