{
  "n_team_match_rows": 230,
  "competitions": {
    "Euro2020": 102,
    "WC2022": 128
  },
  "descriptors": [
    "mean_xt_end",
    "entropy_end",
    "directness",
    "att_third_frac",
    "sum_dxt"
  ],
  "discriminant": {
    "Euro2020": {
      "mean_xt_end": {
        "between_share": 0.43495610647127486,
        "null_mean": 0.2270922359891805,
        "p_value": 0.0004997501249375312,
        "n_perm": 2000
      },
      "entropy_end": {
        "between_share": 0.26258785103066457,
        "null_mean": 0.23092022494738967,
        "p_value": 0.27936031984008,
        "n_perm": 2000
      },
      "directness": {
        "between_share": 0.4764335690092303,
        "null_mean": 0.22701081671089599,
        "p_value": 0.0009995002498750624,
        "n_perm": 2000
      },
      "att_third_frac": {
        "between_share": 0.3738022339611394,
        "null_mean": 0.22775556648742104,
        "p_value": 0.012993503248375811,
        "n_perm": 2000
      },
      "sum_dxt": {
        "between_share": 0.4771188769522515,
        "null_mean": 0.22910580938135172,
        "p_value": 0.0004997501249375312,
        "n_perm": 2000
      }
    },
    "WC2022": {
      "mean_xt_end": {
        "between_share": 0.3623008802414063,
        "null_mean": 0.24281305493778135,
        "p_value": 0.02848575712143928,
        "n_perm": 2000
      },
      "entropy_end": {
        "between_share": 0.3074840734309124,
        "null_mean": 0.2439065661902597,
        "p_value": 0.10944527736131934,
        "n_perm": 2000
      },
      "directness": {
        "between_share": 0.5144396367704549,
        "null_mean": 0.24297875754187223,
        "p_value": 0.0004997501249375312,
        "n_perm": 2000
      },
      "att_third_frac": {
        "between_share": 0.437803243176021,
        "null_mean": 0.24261324197139247,
        "p_value": 0.0004997501249375312,
        "n_perm": 2000
      },
      "sum_dxt": {
        "between_share": 0.3803118541089502,
        "null_mean": 0.24263478101852143,
        "p_value": 0.01249375312343828,
        "n_perm": 2000
      }
    }
  },
  "temporal_stability": {
    "Euro2020": {
      "mean_xt_end": {
        "pearson_r": -0.049964480192252914,
        "spearman_rho": -0.05294117647058824,
        "p_value": 0.8610694652673663,
        "n_groups": 16
      },
      "entropy_end": {
        "pearson_r": 0.11728380377565929,
        "spearman_rho": 0.18235294117647058,
        "p_value": 0.6596701649175413,
        "n_groups": 16
      },
      "directness": {
        "pearson_r": 0.07743669063066813,
        "spearman_rho": 0.1764705882352941,
        "p_value": 0.792103948025987,
        "n_groups": 16
      },
      "att_third_frac": {
        "pearson_r": -0.15352973609484125,
        "spearman_rho": -0.1411764705882353,
        "p_value": 0.5857071464267866,
        "n_groups": 16
      },
      "sum_dxt": {
        "pearson_r": 0.5677457870265746,
        "spearman_rho": 0.6735294117647058,
        "p_value": 0.02498750624687656,
        "n_groups": 16
      }
    },
    "WC2022": {
      "mean_xt_end": {
        "pearson_r": -0.19615013703430556,
        "spearman_rho": -0.15588235294117647,
        "p_value": 0.4642678660669665,
        "n_groups": 16
      },
      "entropy_end": {
        "pearson_r": 0.2674126668594898,
        "spearman_rho": 0.10588235294117648,
        "p_value": 0.3148425787106447,
        "n_groups": 16
      },
      "directness": {
        "pearson_r": 0.5522442763961034,
        "spearman_rho": 0.6617647058823529,
        "p_value": 0.02498750624687656,
        "n_groups": 16
      },
      "att_third_frac": {
        "pearson_r": 0.14605073531144008,
        "spearman_rho": 0.0058823529411764705,
        "p_value": 0.5747126436781609,
        "n_groups": 16
      },
      "sum_dxt": {
        "pearson_r": 0.40122322556848433,
        "spearman_rho": 0.4176470588235294,
        "p_value": 0.10794602698650675,
        "n_groups": 16
      }
    }
  },
  "incremental_value": {
    "mean_xt_end": {
      "r2_base": 0.27890834547670906,
      "r2_full": 0.5264061518884853,
      "delta_r2": 0.2474978064117762,
      "p_value": 0.0004997501249375312,
      "n": 230
    },
    "directness": {
      "r2_base": 0.27890834547670906,
      "r2_full": 0.34819965802364394,
      "delta_r2": 0.06929131254693488,
      "p_value": 0.0004997501249375312,
      "n": 230
    },
    "att_third_frac": {
      "r2_base": 0.27890834547670906,
      "r2_full": 0.45580200658491965,
      "delta_r2": 0.1768936611082106,
      "p_value": 0.0004997501249375312,
      "n": 230
    },
    "sum_dxt": {
      "r2_base": 0.27890834547670906,
      "r2_full": 0.44305573852155566,
      "delta_r2": 0.1641473930448466,
      "p_value": 0.0004997501249375312,
      "n": 230
    }
  },
  "fdr_family": [
    {
      "test": "discriminant[Euro2020]:mean_xt_end",
      "p": 0.0004997501249375312,
      "q": 0.0014992503748125937,
      "reject": true
    },
    {
      "test": "discriminant[Euro2020]:entropy_end",
      "p": 0.27936031984008,
      "q": 0.3943910397742305,
      "reject": false
    },
    {
      "test": "discriminant[Euro2020]:directness",
      "p": 0.0009995002498750624,
      "q": 0.002665333999666833,
      "reject": true
    },
    {
      "test": "discriminant[Euro2020]:att_third_frac",
      "p": 0.012993503248375811,
      "q": 0.028349461632819952,
      "reject": true
    },
    {
      "test": "discriminant[Euro2020]:sum_dxt",
      "p": 0.0004997501249375312,
      "q": 0.0014992503748125937,
      "reject": true
    },
    {
      "test": "discriminant[WC2022]:mean_xt_end",
      "p": 0.02848575712143928,
      "q": 0.04883272649389591,
      "reject": true
    },
    {
      "test": "discriminant[WC2022]:entropy_end",
      "p": 0.10944527736131934,
      "q": 0.164167916041979,
      "reject": false
    },
    {
      "test": "discriminant[WC2022]:directness",
      "p": 0.0004997501249375312,
      "q": 0.0014992503748125937,
      "reject": true
    },
    {
      "test": "discriminant[WC2022]:att_third_frac",
      "p": 0.0004997501249375312,
      "q": 0.0014992503748125937,
      "reject": true
    },
    {
      "test": "discriminant[WC2022]:sum_dxt",
      "p": 0.01249375312343828,
      "q": 0.028349461632819952,
      "reject": true
    },
    {
      "test": "stability[Euro2020]:mean_xt_end",
      "p": 0.8610694652673663,
      "q": 0.8610694652673662,
      "reject": false
    },
    {
      "test": "stability[Euro2020]:entropy_end",
      "p": 0.6596701649175413,
      "q": 0.719640179910045,
      "reject": false
    },
    {
      "test": "stability[Euro2020]:directness",
      "p": 0.792103948025987,
      "q": 0.8265432501140735,
      "reject": false
    },
    {
      "test": "stability[Euro2020]:att_third_frac",
      "p": 0.5857071464267866,
      "q": 0.6693795959163276,
      "reject": false
    },
    {
      "test": "stability[Euro2020]:sum_dxt",
      "p": 0.02498750624687656,
      "q": 0.04613078076346441,
      "reject": true
    },
    {
      "test": "stability[WC2022]:mean_xt_end",
      "p": 0.4642678660669665,
      "q": 0.5864436202951155,
      "reject": false
    },
    {
      "test": "stability[WC2022]:entropy_end",
      "p": 0.3148425787106447,
      "q": 0.4197901049475263,
      "reject": false
    },
    {
      "test": "stability[WC2022]:directness",
      "p": 0.02498750624687656,
      "q": 0.04613078076346441,
      "reject": true
    },
    {
      "test": "stability[WC2022]:att_third_frac",
      "p": 0.5747126436781609,
      "q": 0.6693795959163276,
      "reject": false
    },
    {
      "test": "stability[WC2022]:sum_dxt",
      "p": 0.10794602698650675,
      "q": 0.164167916041979,
      "reject": false
    },
    {
      "test": "incremental:mean_xt_end",
      "p": 0.0004997501249375312,
      "q": 0.0014992503748125937,
      "reject": true
    },
    {
      "test": "incremental:directness",
      "p": 0.0004997501249375312,